seed,sharpe,cagr_pct,mdd_pct,ann_vol_pct,total_pct
0,0.049,0.34,-7.91,6.92,0.78
1,-0.248,-1.74,-11.32,6.92,-3.989
2,-0.764,-5.49,-17.2,6.92,-12.273
3,0.188,1.29,-9.24,6.92,3.024
4,-0.129,-0.9,-13.89,6.92,-2.078
5,-0.368,-2.59,-12.27,6.92,-5.914
6,0.615,4.14,-7.0,6.92,9.869
7,0.034,0.24,-17.4,6.92,0.551
8,-0.419,-2.96,-15.49,6.92,-6.733
9,0.406,2.76,-11.73,6.92,6.52
10,-0.722,-5.17,-18.83,6.92,-11.593
11,0.02,0.14,-13.74,6.92,0.318
12,0.737,4.94,-6.29,6.92,11.838
13,-0.46,-3.25,-13.88,6.92,-7.385
14,-0.395,-2.79,-14.07,6.92,-6.344
15,0.819,5.47,-7.96,6.92,13.144
16,-0.716,-5.13,-11.51,6.92,-11.49
17,0.198,1.36,-6.83,6.92,3.181
18,0.316,2.16,-8.28,6.92,5.069
19,-0.62,-4.42,-14.03,6.92,-9.947
20,0.675,4.54,-5.34,6.92,10.836
21,-0.952,-6.9,-21.1,6.92,-15.286
22,-1.205,-8.85,-22.1,6.92,-19.34
23,0.252,1.73,-7.73,6.92,4.047
24,-0.743,-5.33,-15.13,6.92,-11.93
25,-0.107,-0.74,-14.61,6.92,-1.714
26,-0.474,-3.36,-10.35,6.92,-7.614
27,-0.141,-0.98,-10.88,6.92,-2.258
28,0.675,4.54,-9.74,6.92,10.835
29,0.481,3.26,-7.87,6.92,7.728
30,-0.617,-4.4,-14.21,6.92,-9.91
31,0.458,3.11,-10.57,6.92,7.351
32,0.639,4.3,-9.57,6.92,10.252
33,0.088,0.61,-15.35,6.92,1.41
34,-0.37,-2.61,-14.92,6.92,-5.944
35,-0.094,-0.65,-18.64,6.92,-1.505
36,-0.199,-1.39,-15.68,6.92,-3.199
37,-0.674,-4.82,-15.54,6.92,-10.819
38,-1.4,-10.4,-25.25,6.92,-22.482
39,-0.439,-3.1,-14.61,6.92,-7.051
40,0.594,4.0,-12.65,6.92,9.533
41,-0.216,-1.51,-11.19,6.92,-3.469
42,0.427,2.9,-11.06,6.92,6.851
43,-0.523,-3.71,-18.4,6.92,-8.389
44,-0.868,-6.26,-18.01,6.92,-13.926
45,-1.333,-9.86,-24.15,6.92,-21.392
46,-0.125,-0.87,-14.09,6.92,-1.999
47,0.397,2.7,-13.63,6.92,6.366
48,-0.043,-0.3,-15.3,6.92,-0.697
49,-0.76,-5.45,-19.87,6.92,-12.194
50,0.004,0.03,-12.78,6.92,0.066
51,-1.032,-7.51,-23.09,6.92,-16.565
52,-0.199,-1.39,-10.69,6.92,-3.195
53,-0.572,-4.07,-15.05,6.92,-9.175
54,-0.713,-5.1,-22.33,6.92,-11.442
55,-0.915,-6.62,-21.73,6.92,-14.683
56,0.432,2.93,-7.02,6.92,6.935
57,-0.428,-3.02,-18.28,6.92,-6.872
58,-0.946,-6.85,-22.59,6.92,-15.182
59,-0.034,-0.24,-18.15,6.92,-0.553
60,-0.529,-3.76,-18.01,6.92,-8.499
61,0.484,3.28,-7.91,6.92,7.767
62,-1.302,-9.61,-25.03,6.92,-20.896
63,0.31,2.11,-9.05,6.92,4.971
64,-0.92,-6.66,-20.01,6.92,-14.778
65,0.738,4.94,-7.43,6.92,11.843
66,0.175,1.2,-7.47,6.92,2.814
67,-1.518,-11.35,-25.16,6.92,-24.369
68,0.059,0.4,-7.27,6.92,0.941
69,0.554,3.74,-8.23,6.92,8.889
70,-0.434,-3.07,-15.05,6.92,-6.969
71,-0.411,-2.9,-15.99,6.92,-6.597
72,0.231,1.58,-7.89,6.92,3.713
73,-1.032,-7.52,-24.74,6.92,-16.572
74,1.068,7.06,-4.59,6.92,17.14
75,-1.484,-11.07,-26.14,6.92,-23.823
76,-1.196,-8.78,-21.85,6.92,-19.203
77,-0.495,-3.51,-13.57,6.92,-7.944
78,0.486,3.29,-7.91,6.92,7.799
79,0.872,5.81,-8.42,6.92,13.993
80,0.38,2.59,-11.26,6.92,6.107
81,-1.47,-10.96,-28.84,6.92,-23.6
82,-1.313,-9.71,-29.43,6.92,-21.083
83,-0.499,-3.54,-18.6,6.92,-8.017
84,-0.139,-0.97,-10.83,6.92,-2.224
85,-0.753,-5.41,-18.78,6.92,-12.091
86,-0.521,-3.69,-15.7,6.92,-8.36
87,-0.77,-5.53,-15.52,6.92,-12.364
88,-0.557,-3.96,-12.81,6.92,-8.944
89,-0.347,-2.45,-15.04,6.92,-5.579
90,-0.757,-5.43,-16.53,6.92,-12.15
91,-0.485,-3.44,-15.8,6.92,-7.79
92,-1.053,-7.68,-18.69,6.92,-16.905
93,-0.585,-4.17,-19.67,6.92,-9.395
94,-0.554,-3.94,-16.12,6.92,-8.896
95,0.325,2.22,-12.75,6.92,5.217
96,-0.097,-0.68,-11.89,6.92,-1.56
97,0.674,4.53,-7.15,6.92,10.813
98,-0.734,-5.27,-14.4,6.92,-11.791
99,-0.282,-1.97,-12.36,6.92,-4.519
100,-0.134,-0.94,-13.54,6.92,-2.156
101,-0.071,-0.5,-8.63,6.92,-1.145
102,0.51,3.45,-11.44,6.92,8.181
103,-1.167,-8.56,-25.82,6.92,-18.741
104,-1.405,-10.44,-27.6,6.92,-22.564
105,-0.694,-4.97,-20.5,6.92,-11.144
106,0.981,6.51,-7.01,6.92,15.743
107,-0.297,-2.09,-11.1,6.92,-4.769
108,0.103,0.71,-8.93,6.92,1.656
109,1.159,7.63,-9.24,6.92,18.596
110,-1.221,-8.98,-22.05,6.92,-19.596
111,0.197,1.35,-10.06,6.92,3.155
112,-0.844,-6.08,-18.06,6.92,-13.545
113,0.775,5.19,-7.78,6.92,12.445
114,-0.423,-2.99,-12.95,6.92,-6.793
115,-0.178,-1.24,-16.51,6.92,-2.855
116,0.582,3.93,-9.54,6.92,9.341
117,0.098,0.68,-12.12,6.92,1.573
118,0.884,5.89,-6.86,6.92,14.197
119,0.871,5.81,-8.87,6.92,13.988
120,-0.754,-5.41,-16.2,6.92,-12.097
121,-0.055,-0.38,-17.64,6.92,-0.878
122,0.235,1.61,-8.39,6.92,3.778
123,-0.333,-2.34,-12.77,6.92,-5.352
124,0.1,0.69,-18.88,6.92,1.6
125,0.415,2.82,-10.02,6.92,6.669
126,-1.062,-7.75,-22.85,6.92,-17.054
127,-1.017,-7.4,-21.58,6.92,-16.323
128,-0.585,-4.16,-19.53,6.92,-9.394
129,-1.032,-7.51,-21.04,6.92,-16.563
130,-0.257,-1.8,-17.76,6.92,-4.122
131,-1.993,-15.32,-34.92,6.92,-31.998
132,-1.233,-9.07,-21.07,6.92,-19.794
133,-0.811,-5.84,-21.93,6.92,-13.019
134,0.203,1.39,-9.96,6.92,3.253
135,-0.215,-1.5,-10.07,6.92,-3.45
136,0.445,3.02,-13.88,6.92,7.145
137,-1.543,-11.55,-27.17,6.92,-24.776
138,0.211,1.45,-10.82,6.92,3.394
139,1.133,7.47,-6.57,6.92,18.193
140,0.405,2.76,-11.61,6.92,6.506
141,-0.418,-2.95,-15.56,6.92,-6.709
142,-1.648,-12.41,-28.63,6.92,-26.452
143,0.752,5.04,-6.38,6.92,12.071
144,-0.138,-0.96,-16.85,6.92,-2.223
145,-0.286,-2.01,-6.76,6.92,-4.591
146,-0.644,-4.6,-15.38,6.92,-10.344
147,0.286,1.95,-6.94,6.92,4.586
148,-1.641,-12.35,-26.7,6.92,-26.338
149,0.355,2.42,-13.78,6.92,5.699
150,-0.762,-5.47,-17.83,6.92,-12.227
151,0.451,3.06,-5.92,6.92,7.24
152,-1.034,-7.53,-19.65,6.92,-16.601
153,-0.485,-3.43,-16.5,6.92,-7.78
154,-0.908,-6.57,-20.61,6.92,-14.58
155,0.586,3.96,-7.99,6.92,9.413
156,-0.029,-0.2,-9.86,6.92,-0.472
157,-0.067,-0.46,-14.55,6.92,-1.073
158,0.156,1.07,-11.88,6.92,2.503
159,-1.577,-11.83,-28.46,6.92,-25.319
160,-0.77,-5.53,-14.69,6.92,-12.366
161,-0.178,-1.24,-12.78,6.92,-2.859
162,0.225,1.54,-10.97,6.92,3.605
163,0.091,0.62,-11.87,6.92,1.455
164,0.486,3.29,-8.06,6.92,7.795
165,-0.864,-6.24,-18.49,6.92,-13.871
166,-0.858,-6.19,-19.19,6.92,-13.774
167,-0.689,-4.93,-12.77,6.92,-11.06
168,-0.587,-4.18,-12.19,6.92,-9.43
169,-0.581,-4.14,-15.42,6.92,-9.33
170,-1.154,-8.45,-22.83,6.92,-18.522
171,-1.203,-8.84,-24.7,6.92,-19.307
172,-0.43,-3.03,-16.3,6.92,-6.898
173,0.113,0.78,-11.62,6.92,1.818
174,-0.534,-3.79,-20.18,6.92,-8.571
175,-0.495,-3.51,-15.71,6.92,-7.953
176,-0.421,-2.97,-10.25,6.92,-6.751
177,0.254,1.74,-12.35,6.92,4.083
178,0.419,2.84,-8.72,6.92,6.72
179,-0.483,-3.42,-13.31,6.92,-7.76
180,-0.201,-1.4,-12.62,6.92,-3.222
181,0.91,6.05,-7.77,6.92,14.601
182,-0.179,-1.25,-14.54,6.92,-2.875
183,0.768,5.14,-7.73,6.92,12.328
184,0.408,2.77,-6.89,6.92,6.546
185,0.089,0.61,-7.4,6.92,1.428
186,-0.117,-0.81,-8.33,6.92,-1.877
187,0.431,2.93,-15.73,6.92,6.924
188,-0.478,-3.38,-13.6,6.92,-7.669
189,-0.4,-2.82,-12.0,6.92,-6.419
190,-1.297,-9.58,-24.26,6.92,-20.818
191,-0.922,-6.67,-25.06,6.92,-14.796
192,0.184,1.26,-9.63,6.92,2.957
193,-1.237,-9.1,-24.81,6.92,-19.854
194,-0.318,-2.23,-10.25,6.92,-5.103
195,-0.807,-5.81,-16.68,6.92,-12.957
196,-0.535,-3.8,-17.66,6.92,-8.589
197,-0.808,-5.81,-18.38,6.92,-12.97
198,-0.212,-1.48,-13.33,6.92,-3.402
199,-0.603,-4.29,-15.95,6.92,-9.673
